path,class,split
/content/drive/MyDrive/NLP/Places/Cristo/IMG_0677.JPG,Cristo,train
/content/drive/MyDrive/NLP/Places/Tahuichi/IMG_20260609_185227_639.jpg,Tahuichi,train
/content/drive/MyDrive/NLP/Places/Ventura/20260609_140734.jpg,Ventura,train
/content/drive/MyDrive/NLP/Places/ParqueUrbano/IMG_20260611_192420_875.jpg,ParqueUrbano,train
/content/drive/MyDrive/NLP/Places/Tahuichi/IMG_20260610_143645_001.jpg,Tahuichi,train
/content/drive/MyDrive/NLP/Places/Ventura/20260609_134736.jpg,Ventura,train
/content/drive/MyDrive/NLP/Places/Cambodromo/WhatsApp Image 2026-06-10 at 22.22.35.jpeg,Cambodromo,train
/content/drive/MyDrive/NLP/Places/Ventura/20260609_140139.jpg,Ventura,train
/content/drive/MyDrive/NLP/Places/Ventura/20260609_140128.jpg,Ventura,train
/content/drive/MyDrive/NLP/Places/Ventura/20260609_141639.jpg,Ventura,train
/content/drive/MyDrive/NLP/Places/Cristo/IMG_0650.JPG,Cristo,train
/content/drive/MyDrive/NLP/Places/Ventura/20260609_141204.jpg,Ventura,train
/content/drive/MyDrive/NLP/Places/Ventura/20260609_140133(0).jpg,Ventura,train
/content/drive/MyDrive/NLP/Places/DunasArena/IMG_0731.JPG,DunasArena,train
/content/drive/MyDrive/NLP/Places/Tahuichi/IMG_20260609_185403_123.jpg,Tahuichi,train
/content/drive/MyDrive/NLP/Places/CatedralMunicipal/cate56.jpg,CatedralMunicipal,train
/content/drive/MyDrive/NLP/Places/DunasArena/Pasted image (4).png,DunasArena,train
/content/drive/MyDrive/NLP/Places/Ventura/20260609_141244.jpg,Ventura,train
/content/drive/MyDrive/NLP/Places/Ventura/20260609_135759(0).jpg,Ventura,train
/content/drive/MyDrive/NLP/Places/DunasArena/IMG_0716.JPG,DunasArena,train
/content/drive/MyDrive/NLP/Places/Cristo/Pasted image (6).png,Cristo,train
/content/drive/MyDrive/NLP/Places/Ventura/20260609_140036.jpg,Ventura,train
/content/drive/MyDrive/NLP/Places/Cambodromo/WhatsApp Image 2026-06-10 at 22.48.00 (5).jpeg,Cambodromo,train
/content/drive/MyDrive/NLP/Places/ParqueUrbano/IMG_20260610_150329_937.jpg,ParqueUrbano,train
/content/drive/MyDrive/NLP/Places/DunasArena/Pasted image (2).png,DunasArena,train
/content/drive/MyDrive/NLP/Places/Cambodromo/WhatsApp Image 2026-06-10 at 22.48.02 (7).jpeg,Cambodromo,train
/content/drive/MyDrive/NLP/Places/Ventura/20260609_134514.jpg,Ventura,train
/content/drive/MyDrive/NLP/Places/Cambodromo/WhatsApp Image 2026-06-10 at 22.22.30.jpeg,Cambodromo,train
/content/drive/MyDrive/NLP/Places/CatedralMunicipal/cate46.jpg,CatedralMunicipal,train
/content/drive/MyDrive/NLP/Places/Plaza24/plaza24.jpg,Plaza24,train
/content/drive/MyDrive/NLP/Places/Ventura/20260609_140913.jpg,Ventura,train
/content/drive/MyDrive/NLP/Places/Ventura/20260609_135255.jpg,Ventura,train
/content/drive/MyDrive/NLP/Places/DunasArena/IMG_0715.JPG,DunasArena,train
/content/drive/MyDrive/NLP/Places/ParqueUrbano/IMG_20260611_190931_468.jpg,ParqueUrbano,train
/content/drive/MyDrive/NLP/Places/Cristo/IMG_0660.JPG,Cristo,train
/content/drive/MyDrive/NLP/Places/Ventura/20260609_135340.jpg,Ventura,train
/content/drive/MyDrive/NLP/Places/Ventura/20260609_140505(0).jpg,Ventura,train
/content/drive/MyDrive/NLP/Places/Cambodromo/WhatsApp Image 2026-06-10 at 22.22.33.jpeg,Cambodromo,train
/content/drive/MyDrive/NLP/Places/Cambodromo/WhatsApp Image 2026-06-10 at 22.20.43 (9).jpeg,Cambodromo,train
/content/drive/MyDrive/NLP/Places/Cristo/Pasted image (11).png,Cristo,train
/content/drive/MyDrive/NLP/Places/Ventura/20260609_141624.jpg,Ventura,train
/content/drive/MyDrive/NLP/Places/Cambodromo/WhatsApp Image 2026-06-10 at 22.22.32.jpeg,Cambodromo,train
/content/drive/MyDrive/NLP/Places/Plaza24/plaza60.jpg,Plaza24,train
/content/drive/MyDrive/NLP/Places/ParqueUrbano/IMG_20260611_192629_341.jpg,ParqueUrbano,train
/content/drive/MyDrive/NLP/Places/Ventura/20260609_134528.jpg,Ventura,train
/content/drive/MyDrive/NLP/Places/Cristo/IMG_0634.JPG,Cristo,train
/content/drive/MyDrive/NLP/Places/Cristo/IMG_0656.JPG,Cristo,train
/content/drive/MyDrive/NLP/Places/Cambodromo/WhatsApp Image 2026-06-10 at 22.20.41 (1).jpeg,Cambodromo,train
/content/drive/MyDrive/NLP/Places/Tahuichi/IMG_20260609_183736_071.jpg,Tahuichi,train
/content/drive/MyDrive/NLP/Places/Ventura/20260609_140255.jpg,Ventura,train
/content/drive/MyDrive/NLP/Places/Cristo/IMG_0662.JPG,Cristo,train
/content/drive/MyDrive/NLP/Places/Ventura/20260609_141703.jpg,Ventura,train
/content/drive/MyDrive/NLP/Places/DunasArena/IMG_0713.JPG,DunasArena,train
/content/drive/MyDrive/NLP/Places/DunasArena/IMG_0693.JPG,DunasArena,train
/content/drive/MyDrive/NLP/Places/Cambodromo/WhatsApp Image 2026-06-10 at 22.48.03 (1).jpeg,Cambodromo,train
/content/drive/MyDrive/NLP/Places/ParqueUrbano/IMG_20260611_192418_815.jpg,ParqueUrbano,train
/content/drive/MyDrive/NLP/Places/Cambodromo/WhatsApp Image 2026-06-10 at 22.48.04 (20).jpeg,Cambodromo,train
/content/drive/MyDrive/NLP/Places/ParqueUrbano/IMG_20260610_145628_528.jpg,ParqueUrbano,train
/content/drive/MyDrive/NLP/Places/Tahuichi/IMG_20260609_185158_691.jpg,Tahuichi,train
/content/drive/MyDrive/NLP/Places/Ventura/20260609_140738.jpg,Ventura,train
/content/drive/MyDrive/NLP/Places/Ventura/20260609_135522.jpg,Ventura,train
/content/drive/MyDrive/NLP/Places/Cambodromo/WhatsApp Image 2026-06-10 at 22.22.32 (1).jpeg,Cambodromo,train
/content/drive/MyDrive/NLP/Places/Tahuichi/IMG_20260610_143653_603.jpg,Tahuichi,train
/content/drive/MyDrive/NLP/Places/Cambodromo/WhatsApp Image 2026-06-10 at 22.20.43 (4).jpeg,Cambodromo,train
/content/drive/MyDrive/NLP/Places/ParqueUrbano/IMG_20260611_190929_715.jpg,ParqueUrbano,train
/content/drive/MyDrive/NLP/Places/Cambodromo/WhatsApp Image 2026-06-10 at 22.48.03 (15).jpeg,Cambodromo,train
/content/drive/MyDrive/NLP/Places/Tahuichi/IMG_20260610_143007_351.jpg,Tahuichi,train
/content/drive/MyDrive/NLP/Places/Tahuichi/IMG_20260201_133954_160.jpg,Tahuichi,train
/content/drive/MyDrive/NLP/Places/Cambodromo/WhatsApp Image 2026-06-10 at 22.48.04 (14).jpeg,Cambodromo,train
/content/drive/MyDrive/NLP/Places/Cristo/IMG_0670.JPG,Cristo,train
/content/drive/MyDrive/NLP/Places/Cambodromo/WhatsApp Image 2026-06-10 at 22.48.03 (10).jpeg,Cambodromo,train
/content/drive/MyDrive/NLP/Places/DunasArena/Pasted image (3).png,DunasArena,train
/content/drive/MyDrive/NLP/Places/Tahuichi/IMG_20260610_141849_410.jpg,Tahuichi,train
/content/drive/MyDrive/NLP/Places/Ventura/20260609_140132(0).jpg,Ventura,train
/content/drive/MyDrive/NLP/Places/Cambodromo/WhatsApp Image 2026-06-10 at 22.48.03 (24).jpeg,Cambodromo,train
/content/drive/MyDrive/NLP/Places/Cristo/IMG_0623.JPG,Cristo,train
/content/drive/MyDrive/NLP/Places/Tahuichi/IMG_20260610_142714_136.jpg,Tahuichi,train
/content/drive/MyDrive/NLP/Places/Cambodromo/WhatsApp Image 2026-06-10 at 22.48.02 (14).jpeg,Cambodromo,train
/content/drive/MyDrive/NLP/Places/Cambodromo/WhatsApp Image 2026-06-10 at 22.48.04 (15).jpeg,Cambodromo,train
/content/drive/MyDrive/NLP/Places/DunasArena/IMG_0738.JPG,DunasArena,train
/content/drive/MyDrive/NLP/Places/Cambodromo/WhatsApp Image 2026-06-10 at 22.22.32 (2).jpeg,Cambodromo,train
/content/drive/MyDrive/NLP/Places/Cristo/IMG_0665.JPG,Cristo,train
/content/drive/MyDrive/NLP/Places/Ventura/20260609_140132.jpg,Ventura,train
/content/drive/MyDrive/NLP/Places/ParqueUrbano/IMG_20260610_145501_970.jpg,ParqueUrbano,train
/content/drive/MyDrive/NLP/Places/Ventura/20260609_135116.jpg,Ventura,train
/content/drive/MyDrive/NLP/Places/Cambodromo/WhatsApp Image 2026-06-10 at 22.22.34.jpeg,Cambodromo,train
/content/drive/MyDrive/NLP/Places/Tahuichi/IMG_20260610_142158_333.jpg,Tahuichi,train
/content/drive/MyDrive/NLP/Places/Plaza24/plaza31.jpg,Plaza24,train
/content/drive/MyDrive/NLP/Places/Ventura/20260609_135354.jpg,Ventura,train
/content/drive/MyDrive/NLP/Places/Tahuichi/IMG_20260609_184353_820.jpg,Tahuichi,train
/content/drive/MyDrive/NLP/Places/ParqueUrbano/IMG_20260610_145502_450.jpg,ParqueUrbano,train
/content/drive/MyDrive/NLP/Places/ParqueUrbano/IMG_20260611_191203_305.jpg,ParqueUrbano,train
/content/drive/MyDrive/NLP/Places/ParqueUrbano/IMG_20260610_150307_600.jpg,ParqueUrbano,train
/content/drive/MyDrive/NLP/Places/Cambodromo/WhatsApp Image 2026-06-10 at 22.48.02 (24).jpeg,Cambodromo,train
/content/drive/MyDrive/NLP/Places/Tahuichi/IMG_20260610_143129_460.jpg,Tahuichi,train
/content/drive/MyDrive/NLP/Places/Plaza24/plaza27.jpg,Plaza24,train
/content/drive/MyDrive/NLP/Places/Cristo/IMG_0663.JPG,Cristo,train
/content/drive/MyDrive/NLP/Places/Tahuichi/IMG_20260610_142847_272.jpg,Tahuichi,train
/content/drive/MyDrive/NLP/Places/Cambodromo/WhatsApp Image 2026-06-10 at 22.48.00.jpeg,Cambodromo,train
/content/drive/MyDrive/NLP/Places/ParqueUrbano/IMG_20260610_145629_480.jpg,ParqueUrbano,train
/content/drive/MyDrive/NLP/Places/Tahuichi/IMG_20260609_185628_805.jpg,Tahuichi,train
/content/drive/MyDrive/NLP/Places/Plaza24/plaza32.jpg,Plaza24,train
/content/drive/MyDrive/NLP/Places/Cambodromo/WhatsApp Image 2026-06-10 at 22.48.04 (17).jpeg,Cambodromo,train
/content/drive/MyDrive/NLP/Places/DunasArena/IMG_0740.JPG,DunasArena,train
/content/drive/MyDrive/NLP/Places/Cambodromo/WhatsApp Image 2026-06-10 at 22.48.02 (4).jpeg,Cambodromo,train
/content/drive/MyDrive/NLP/Places/Ventura/20260609_135755.jpg,Ventura,train
/content/drive/MyDrive/NLP/Places/Cambodromo/WhatsApp Image 2026-06-10 at 22.48.03 (2).jpeg,Cambodromo,train
/content/drive/MyDrive/NLP/Places/Ventura/20260609_140125(0).jpg,Ventura,train
/content/drive/MyDrive/NLP/Places/Ventura/20260609_140029.jpg,Ventura,train
/content/drive/MyDrive/NLP/Places/Tahuichi/IMG_20260609_185151_904.jpg,Tahuichi,train
/content/drive/MyDrive/NLP/Places/Tahuichi/IMG_20260610_142738_457.jpg,Tahuichi,train
/content/drive/MyDrive/NLP/Places/Cambodromo/WhatsApp Image 2026-06-10 at 22.48.03 (14).jpeg,Cambodromo,train
/content/drive/MyDrive/NLP/Places/Ventura/20260609_140252(0).jpg,Ventura,train
/content/drive/MyDrive/NLP/Places/DunasArena/IMG_0739.JPG,DunasArena,train
/content/drive/MyDrive/NLP/Places/Ventura/20260609_140547(0).jpg,Ventura,train
/content/drive/MyDrive/NLP/Places/Cambodromo/WhatsApp Image 2026-06-10 at 22.48.02 (13).jpeg,Cambodromo,train
/content/drive/MyDrive/NLP/Places/Ventura/20260609_134737.jpg,Ventura,train
/content/drive/MyDrive/NLP/Places/Plaza24/plaza62.jpg,Plaza24,train
/content/drive/MyDrive/NLP/Places/Tahuichi/IMG_20260610_143649_699.jpg,Tahuichi,train
/content/drive/MyDrive/NLP/Places/Cristo/IMG_0685.JPG,Cristo,train
/content/drive/MyDrive/NLP/Places/Cristo/IMG_0681.JPG,Cristo,train
/content/drive/MyDrive/NLP/Places/Cambodromo/WhatsApp Image 2026-06-10 at 22.48.01 (2).jpeg,Cambodromo,train
/content/drive/MyDrive/NLP/Places/DunasArena/IMG_0728.JPG,DunasArena,train
/content/drive/MyDrive/NLP/Places/Ventura/20260609_140627.jpg,Ventura,train
/content/drive/MyDrive/NLP/Places/Ventura/20260609_140123.jpg,Ventura,train
/content/drive/MyDrive/NLP/Places/ParqueUrbano/IMG_20260610_145744_063.jpg,ParqueUrbano,train
/content/drive/MyDrive/NLP/Places/DunasArena/Pasted image (10).png,DunasArena,train
/content/drive/MyDrive/NLP/Places/Plaza24/plaza68.jpg,Plaza24,train
/content/drive/MyDrive/NLP/Places/DunasArena/IMG_0744.JPG,DunasArena,train
/content/drive/MyDrive/NLP/Places/Ventura/20260609_140043.jpg,Ventura,train
/content/drive/MyDrive/NLP/Places/Cambodromo/WhatsApp Image 2026-06-10 at 22.48.02 (9).jpeg,Cambodromo,train
/content/drive/MyDrive/NLP/Places/ParqueUrbano/IMG_20260611_191250_782.jpg,ParqueUrbano,train
/content/drive/MyDrive/NLP/Places/ParqueUrbano/IMG_20260610_145552_699.jpg,ParqueUrbano,train
/content/drive/MyDrive/NLP/Places/Tahuichi/IMG_20260610_141938_218.jpg,Tahuichi,train
/content/drive/MyDrive/NLP/Places/Cambodromo/WhatsApp Image 2026-06-10 at 22.20.42 (6).jpeg,Cambodromo,train
/content/drive/MyDrive/NLP/Places/Tahuichi/IMG_20260609_183457_416.jpg,Tahuichi,train
/content/drive/MyDrive/NLP/Places/Ventura/20260609_135336.jpg,Ventura,train
/content/drive/MyDrive/NLP/Places/Plaza24/plaza18.jpg,Plaza24,train
/content/drive/MyDrive/NLP/Places/ParqueUrbano/IMG_20260610_150955_652.jpg,ParqueUrbano,train
/content/drive/MyDrive/NLP/Places/Cristo/IMG_0658.JPG,Cristo,train
/content/drive/MyDrive/NLP/Places/Cambodromo/WhatsApp Image 2026-06-10 at 22.20.41 (3).jpeg,Cambodromo,train
/content/drive/MyDrive/NLP/Places/CatedralMunicipal/cate39.jpg,CatedralMunicipal,train
/content/drive/MyDrive/NLP/Places/DunasArena/IMG_0727.JPG,DunasArena,train
/content/drive/MyDrive/NLP/Places/Plaza24/plaza42.jpg,Plaza24,train
/content/drive/MyDrive/NLP/Places/Plaza24/plaza4.jpg,Plaza24,train
/content/drive/MyDrive/NLP/Places/CatedralMunicipal/cate24.jpg,CatedralMunicipal,train
/content/drive/MyDrive/NLP/Places/Cambodromo/WhatsApp Image 2026-06-10 at 22.20.43 (10).jpeg,Cambodromo,train
/content/drive/MyDrive/NLP/Places/DunasArena/IMG_0692.JPG,DunasArena,train
/content/drive/MyDrive/NLP/Places/Ventura/20260609_140919.jpg,Ventura,train
/content/drive/MyDrive/NLP/Places/CatedralMunicipal/cate53.jpg,CatedralMunicipal,train
/content/drive/MyDrive/NLP/Places/Plaza24/plaza41.jpg,Plaza24,train
/content/drive/MyDrive/NLP/Places/Ventura/20260609_141655.jpg,Ventura,train
/content/drive/MyDrive/NLP/Places/Cristo/Pasted image (9).png,Cristo,train
/content/drive/MyDrive/NLP/Places/Tahuichi/IMG_20260610_142928_622.jpg,Tahuichi,train
/content/drive/MyDrive/NLP/Places/Tahuichi/IMG_20260610_142547_940.jpg,Tahuichi,train
/content/drive/MyDrive/NLP/Places/Plaza24/plaza25.jpg,Plaza24,train
/content/drive/MyDrive/NLP/Places/ParqueUrbano/IMG_20260610_145745_669.jpg,ParqueUrbano,train
/content/drive/MyDrive/NLP/Places/Cambodromo/WhatsApp Image 2026-06-10 at 22.48.00 (3).jpeg,Cambodromo,train
/content/drive/MyDrive/NLP/Places/Cambodromo/WhatsApp Image 2026-06-10 at 22.20.43 (16).jpeg,Cambodromo,train
/content/drive/MyDrive/NLP/Places/CatedralMunicipal/cate1.jpg,CatedralMunicipal,train
/content/drive/MyDrive/NLP/Places/Cambodromo/WhatsApp Image 2026-06-10 at 22.20.42 (13).jpeg,Cambodromo,train
/content/drive/MyDrive/NLP/Places/Cristo/IMG_0638.JPG,Cristo,train
/content/drive/MyDrive/NLP/Places/Cristo/IMG_0641.JPG,Cristo,train
/content/drive/MyDrive/NLP/Places/Cristo/Pasted image (15).png,Cristo,train
/content/drive/MyDrive/NLP/Places/Cambodromo/WhatsApp Image 2026-06-10 at 22.48.03 (8).jpeg,Cambodromo,train
/content/drive/MyDrive/NLP/Places/Tahuichi/IMG_20260609_184830_062.jpg,Tahuichi,train
/content/drive/MyDrive/NLP/Places/Tahuichi/IMG_20260609_183812_137.jpg,Tahuichi,train
/content/drive/MyDrive/NLP/Places/ParqueUrbano/IMG_20260610_150957_243.jpg,ParqueUrbano,train
/content/drive/MyDrive/NLP/Places/Ventura/20260609_141135.jpg,Ventura,train
/content/drive/MyDrive/NLP/Places/Cambodromo/WhatsApp Image 2026-06-10 at 22.48.02 (3).jpeg,Cambodromo,train
/content/drive/MyDrive/NLP/Places/Cristo/IMG_0655.JPG,Cristo,train
/content/drive/MyDrive/NLP/Places/Tahuichi/WhatsApp Image 2026-06-09 at 9.56.56 PM.jpeg,Tahuichi,train
/content/drive/MyDrive/NLP/Places/Cristo/Pasted image (16).png,Cristo,train
/content/drive/MyDrive/NLP/Places/ParqueUrbano/IMG_20260611_192407_569.jpg,ParqueUrbano,train
/content/drive/MyDrive/NLP/Places/Tahuichi/IMG_20260610_142441_311.jpg,Tahuichi,train
/content/drive/MyDrive/NLP/Places/ParqueUrbano/IMG_20260611_192718_358.jpg,ParqueUrbano,train
/content/drive/MyDrive/NLP/Places/Cambodromo/WhatsApp Image 2026-06-10 at 22.48.01.jpeg,Cambodromo,train
/content/drive/MyDrive/NLP/Places/Ventura/20260609_141642.jpg,Ventura,train
/content/drive/MyDrive/NLP/Places/Cambodromo/WhatsApp Image 2026-06-10 at 22.48.02 (23).jpeg,Cambodromo,train
/content/drive/MyDrive/NLP/Places/Cambodromo/WhatsApp Image 2026-06-10 at 22.48.03 (17).jpeg,Cambodromo,train
/content/drive/MyDrive/NLP/Places/CatedralMunicipal/cate35.jpg,CatedralMunicipal,train
/content/drive/MyDrive/NLP/Places/Cristo/IMG_0674.JPG,Cristo,train
/content/drive/MyDrive/NLP/Places/DunasArena/IMG_0712.JPG,DunasArena,train
/content/drive/MyDrive/NLP/Places/Ventura/20260609_134731.jpg,Ventura,train
/content/drive/MyDrive/NLP/Places/Cristo/IMG_0648.JPG,Cristo,train
/content/drive/MyDrive/NLP/Places/DunasArena/IMG_0698.JPG,DunasArena,train
/content/drive/MyDrive/NLP/Places/Cristo/Pasted image (14).png,Cristo,train
/content/drive/MyDrive/NLP/Places/Ventura/20260609_140733.jpg,Ventura,train
/content/drive/MyDrive/NLP/Places/Cambodromo/WhatsApp Image 2026-06-10 at 22.22.35 (3).jpeg,Cambodromo,train
/content/drive/MyDrive/NLP/Places/DunasArena/Pasted image (14).png,DunasArena,train
/content/drive/MyDrive/NLP/Places/Cristo/IMG_0643.JPG,Cristo,train
/content/drive/MyDrive/NLP/Places/Ventura/20260609_140304.jpg,Ventura,train
/content/drive/MyDrive/NLP/Places/ParqueUrbano/IMG_20260610_145642_005.jpg,ParqueUrbano,train
/content/drive/MyDrive/NLP/Places/Plaza24/plaza19.jpg,Plaza24,train
/content/drive/MyDrive/NLP/Places/CatedralMunicipal/cate23.jpg,CatedralMunicipal,train
/content/drive/MyDrive/NLP/Places/Ventura/20260609_140915.jpg,Ventura,train
/content/drive/MyDrive/NLP/Places/ParqueUrbano/IMG_20260610_150009_857.jpg,ParqueUrbano,train
/content/drive/MyDrive/NLP/Places/CatedralMunicipal/cate50.jpg,CatedralMunicipal,train
/content/drive/MyDrive/NLP/Places/Cambodromo/WhatsApp Image 2026-06-10 at 22.48.03 (23).jpeg,Cambodromo,train
/content/drive/MyDrive/NLP/Places/Cambodromo/WhatsApp Image 2026-06-10 at 22.22.38.jpeg,Cambodromo,train
/content/drive/MyDrive/NLP/Places/Cristo/IMG_0680.JPG,Cristo,train
/content/drive/MyDrive/NLP/Places/CatedralMunicipal/cate37.jpg,CatedralMunicipal,train
/content/drive/MyDrive/NLP/Places/ParqueUrbano/IMG_20260610_145456_683.jpg,ParqueUrbano,train
/content/drive/MyDrive/NLP/Places/ParqueUrbano/IMG_20260611_191420_732.jpg,ParqueUrbano,train
/content/drive/MyDrive/NLP/Places/Tahuichi/IMG_20260609_184416_221.jpg,Tahuichi,train
/content/drive/MyDrive/NLP/Places/Ventura/20260609_140630.jpg,Ventura,train
/content/drive/MyDrive/NLP/Places/Ventura/20260609_140504.jpg,Ventura,train
/content/drive/MyDrive/NLP/Places/Ventura/20260609_141201.jpg,Ventura,train
/content/drive/MyDrive/NLP/Places/Plaza24/plaza46.jpg,Plaza24,train
/content/drive/MyDrive/NLP/Places/Cristo/IMG_0690.JPG,Cristo,train
/content/drive/MyDrive/NLP/Places/Ventura/20260609_140133.jpg,Ventura,train
/content/drive/MyDrive/NLP/Places/CatedralMunicipal/cate18.jpg,CatedralMunicipal,train
/content/drive/MyDrive/NLP/Places/Ventura/20260609_135016.jpg,Ventura,train
/content/drive/MyDrive/NLP/Places/Ventura/20260609_135012.jpg,Ventura,train
/content/drive/MyDrive/NLP/Places/Ventura/20260609_141510.jpg,Ventura,train
/content/drive/MyDrive/NLP/Places/Tahuichi/IMG_20260610_142707_469.jpg,Tahuichi,train
/content/drive/MyDrive/NLP/Places/Cambodromo/WhatsApp Image 2026-06-10 at 22.20.42 (1).jpeg,Cambodromo,train
/content/drive/MyDrive/NLP/Places/Cristo/IMG_0630.JPG,Cristo,train
/content/drive/MyDrive/NLP/Places/Cristo/IMG_0657.JPG,Cristo,train
/content/drive/MyDrive/NLP/Places/DunasArena/IMG_0726.JPG,DunasArena,train
/content/drive/MyDrive/NLP/Places/Plaza24/plaza54.jpg,Plaza24,train
/content/drive/MyDrive/NLP/Places/Tahuichi/IMG_20260610_142743_639.jpg,Tahuichi,train
/content/drive/MyDrive/NLP/Places/Ventura/20260609_135314.jpg,Ventura,train
/content/drive/MyDrive/NLP/Places/Cambodromo/WhatsApp Image 2026-06-10 at 22.48.03.jpeg,Cambodromo,train
/content/drive/MyDrive/NLP/Places/DunasArena/IMG_0705.JPG,DunasArena,train
/content/drive/MyDrive/NLP/Places/Plaza24/plaza6.jpg,Plaza24,train
/content/drive/MyDrive/NLP/Places/Plaza24/plaza36.jpg,Plaza24,train
/content/drive/MyDrive/NLP/Places/Cambodromo/WhatsApp Image 2026-06-10 at 22.48.02 (20).jpeg,Cambodromo,train
/content/drive/MyDrive/NLP/Places/DunasArena/IMG_0729.JPG,DunasArena,train
/content/drive/MyDrive/NLP/Places/Cristo/IMG_0672.JPG,Cristo,train
/content/drive/MyDrive/NLP/Places/Cristo/IMG_0647.JPG,Cristo,train
/content/drive/MyDrive/NLP/Places/CatedralMunicipal/cate4.jpg,CatedralMunicipal,train
/content/drive/MyDrive/NLP/Places/Tahuichi/IMG_20260609_183507_491.jpg,Tahuichi,train
/content/drive/MyDrive/NLP/Places/CatedralMunicipal/cate30.jpg,CatedralMunicipal,train
/content/drive/MyDrive/NLP/Places/Plaza24/plaza23.jpg,Plaza24,train
/content/drive/MyDrive/NLP/Places/Ventura/20260609_135014.jpg,Ventura,train
/content/drive/MyDrive/NLP/Places/Plaza24/plaza2.jpg,Plaza24,train
/content/drive/MyDrive/NLP/Places/Cristo/IMG_0666.JPG,Cristo,train
/content/drive/MyDrive/NLP/Places/Plaza24/plaza3.jpg,Plaza24,train
/content/drive/MyDrive/NLP/Places/Ventura/20260609_141305.jpg,Ventura,train
/content/drive/MyDrive/NLP/Places/Cambodromo/WhatsApp Image 2026-06-10 at 22.22.33 (1).jpeg,Cambodromo,train
/content/drive/MyDrive/NLP/Places/Tahuichi/IMG_20260609_185552_335.jpg,Tahuichi,train
/content/drive/MyDrive/NLP/Places/Cristo/IMG_0668.JPG,Cristo,train
/content/drive/MyDrive/NLP/Places/Cambodromo/WhatsApp Image 2026-06-10 at 22.48.00 (2).jpeg,Cambodromo,train
/content/drive/MyDrive/NLP/Places/Ventura/20260609_140137.jpg,Ventura,train
/content/drive/MyDrive/NLP/Places/DunasArena/IMG_0710.JPG,DunasArena,train
/content/drive/MyDrive/NLP/Places/Tahuichi/IMG_20260610_142335_855.jpg,Tahuichi,train
/content/drive/MyDrive/NLP/Places/CatedralMunicipal/cate55.jpg,CatedralMunicipal,train
/content/drive/MyDrive/NLP/Places/Tahuichi/IMG_20260610_141934_249.jpg,Tahuichi,train
/content/drive/MyDrive/NLP/Places/Cambodromo/WhatsApp Image 2026-06-10 at 22.48.04 (8).jpeg,Cambodromo,train
/content/drive/MyDrive/NLP/Places/DunasArena/IMG_0721.JPG,DunasArena,train
/content/drive/MyDrive/NLP/Places/Cambodromo/WhatsApp Image 2026-06-10 at 22.22.35 (1).jpeg,Cambodromo,train
/content/drive/MyDrive/NLP/Places/CatedralMunicipal/cate60.jpg,CatedralMunicipal,train
/content/drive/MyDrive/NLP/Places/Cambodromo/WhatsApp Image 2026-06-10 at 22.48.04 (7).jpeg,Cambodromo,train
/content/drive/MyDrive/NLP/Places/Cambodromo/WhatsApp Image 2026-06-10 at 22.20.43 (8).jpeg,Cambodromo,train
/content/drive/MyDrive/NLP/Places/CatedralMunicipal/cate34.jpg,CatedralMunicipal,train
/content/drive/MyDrive/NLP/Places/Tahuichi/IMG_20260609_185509_175.jpg,Tahuichi,train
/content/drive/MyDrive/NLP/Places/Cristo/Pasted image (8).png,Cristo,train
/content/drive/MyDrive/NLP/Places/ParqueUrbano/IMG_20260610_150017_393.jpg,ParqueUrbano,train
/content/drive/MyDrive/NLP/Places/ParqueUrbano/IMG_20260611_192627_709.jpg,ParqueUrbano,train
/content/drive/MyDrive/NLP/Places/DunasArena/IMG_0697.JPG,DunasArena,train
/content/drive/MyDrive/NLP/Places/ParqueUrbano/IMG_20260610_150011_077.jpg,ParqueUrbano,train
/content/drive/MyDrive/NLP/Places/CatedralMunicipal/cate3.jpg,CatedralMunicipal,train
/content/drive/MyDrive/NLP/Places/DunasArena/IMG_0717.JPG,DunasArena,train
/content/drive/MyDrive/NLP/Places/Plaza24/plaza1.jpg,Plaza24,train
/content/drive/MyDrive/NLP/Places/Cristo/IMG_0661.JPG,Cristo,train
/content/drive/MyDrive/NLP/Places/ParqueUrbano/IMG_20260610_145901_280.jpg,ParqueUrbano,train
/content/drive/MyDrive/NLP/Places/ParqueUrbano/IMG_20260611_191129_769.jpg,ParqueUrbano,train
/content/drive/MyDrive/NLP/Places/Ventura/20260609_135338.jpg,Ventura,train
/content/drive/MyDrive/NLP/Places/Cambodromo/WhatsApp Image 2026-06-10 at 22.22.29 (1).jpeg,Cambodromo,train
/content/drive/MyDrive/NLP/Places/CatedralMunicipal/cate11.jpg,CatedralMunicipal,train
/content/drive/MyDrive/NLP/Places/Plaza24/plaza33.jpg,Plaza24,train
/content/drive/MyDrive/NLP/Places/Tahuichi/IMG_20260610_142622_973.jpg,Tahuichi,train
/content/drive/MyDrive/NLP/Places/CatedralMunicipal/cate26.jpg,CatedralMunicipal,train
/content/drive/MyDrive/NLP/Places/Ventura/20260609_134734.jpg,Ventura,train
/content/drive/MyDrive/NLP/Places/Tahuichi/IMG_20260609_184856_809.jpg,Tahuichi,train
/content/drive/MyDrive/NLP/Places/Tahuichi/IMG_20260610_142843_398.jpg,Tahuichi,train
/content/drive/MyDrive/NLP/Places/Tahuichi/IMG_20260610_142337_578.jpg,Tahuichi,train
/content/drive/MyDrive/NLP/Places/Ventura/20260609_141146.jpg,Ventura,train
/content/drive/MyDrive/NLP/Places/Ventura/20260609_135312.jpg,Ventura,train
/content/drive/MyDrive/NLP/Places/CatedralMunicipal/cate5.jpg,CatedralMunicipal,train
/content/drive/MyDrive/NLP/Places/ParqueUrbano/IMG_20260610_145746_133.jpg,ParqueUrbano,train
/content/drive/MyDrive/NLP/Places/Ventura/20260609_141720.jpg,Ventura,train
/content/drive/MyDrive/NLP/Places/Cristo/IMG_0649.JPG,Cristo,train
/content/drive/MyDrive/NLP/Places/Ventura/20260609_141224.jpg,Ventura,train
/content/drive/MyDrive/NLP/Places/Ventura/20260609_140910.jpg,Ventura,train
/content/drive/MyDrive/NLP/Places/Cristo/IMG_0646.JPG,Cristo,train
/content/drive/MyDrive/NLP/Places/Tahuichi/IMG_20260610_142737_067.jpg,Tahuichi,train
/content/drive/MyDrive/NLP/Places/CatedralMunicipal/cate14.jpg,CatedralMunicipal,train
/content/drive/MyDrive/NLP/Places/Tahuichi/IMG_20260609_184620_854.jpg,Tahuichi,train
/content/drive/MyDrive/NLP/Places/Tahuichi/IMG_20260610_141858_837.jpg,Tahuichi,train
/content/drive/MyDrive/NLP/Places/Ventura/20260609_141716.jpg,Ventura,train
/content/drive/MyDrive/NLP/Places/Cristo/Pasted image (18).png,Cristo,train
/content/drive/MyDrive/NLP/Places/DunasArena/Pasted image (15).png,DunasArena,train
/content/drive/MyDrive/NLP/Places/Tahuichi/IMG_20260610_142126_291.jpg,Tahuichi,train
/content/drive/MyDrive/NLP/Places/Cambodromo/WhatsApp Image 2026-06-10 at 22.48.04 (9).jpeg,Cambodromo,train
/content/drive/MyDrive/NLP/Places/Plaza24/plaza35.jpg,Plaza24,train
/content/drive/MyDrive/NLP/Places/ParqueUrbano/IMG_20260611_191255_127.jpg,ParqueUrbano,train
/content/drive/MyDrive/NLP/Places/Ventura/20260609_140513.jpg,Ventura,train
/content/drive/MyDrive/NLP/Places/Ventura/20260609_135349.jpg,Ventura,train
/content/drive/MyDrive/NLP/Places/Cristo/IMG_0652.JPG,Cristo,train
/content/drive/MyDrive/NLP/Places/Ventura/20260609_140136(0).jpg,Ventura,train
/content/drive/MyDrive/NLP/Places/Ventura/20260609_141148.jpg,Ventura,train
/content/drive/MyDrive/NLP/Places/Plaza24/plaza55.jpg,Plaza24,train
/content/drive/MyDrive/NLP/Places/Plaza24/plaza20.jpg,Plaza24,train
/content/drive/MyDrive/NLP/Places/Ventura/20260609_134740.jpg,Ventura,train
/content/drive/MyDrive/NLP/Places/Ventura/20260609_140053(0).jpg,Ventura,train
/content/drive/MyDrive/NLP/Places/Ventura/20260609_141136.jpg,Ventura,train
/content/drive/MyDrive/NLP/Places/Ventura/20260609_141506.jpg,Ventura,train
/content/drive/MyDrive/NLP/Places/Ventura/20260609_140251.jpg,Ventura,train
/content/drive/MyDrive/NLP/Places/Plaza24/plaza13.jpg,Plaza24,train
/content/drive/MyDrive/NLP/Places/ParqueUrbano/IMG_20260610_145850_320.jpg,ParqueUrbano,train
/content/drive/MyDrive/NLP/Places/Tahuichi/IMG_20260609_185616_280.jpg,Tahuichi,train
/content/drive/MyDrive/NLP/Places/Ventura/20260609_140137(0).jpg,Ventura,train
/content/drive/MyDrive/NLP/Places/Cristo/IMG_0671.JPG,Cristo,train
/content/drive/MyDrive/NLP/Places/CatedralMunicipal/cate27.jpg,CatedralMunicipal,train
/content/drive/MyDrive/NLP/Places/Cambodromo/WhatsApp Image 2026-06-10 at 22.48.02 (6).jpeg,Cambodromo,train
/content/drive/MyDrive/NLP/Places/Cambodromo/WhatsApp Image 2026-06-10 at 22.22.34 (1).jpeg,Cambodromo,train
/content/drive/MyDrive/NLP/Places/CatedralMunicipal/cate31.jpg,CatedralMunicipal,train
/content/drive/MyDrive/NLP/Places/Cristo/IMG_0642.JPG,Cristo,train
/content/drive/MyDrive/NLP/Places/ParqueUrbano/IMG_20260610_150837_169.jpg,ParqueUrbano,train
/content/drive/MyDrive/NLP/Places/Ventura/20260609_135345.jpg,Ventura,train
/content/drive/MyDrive/NLP/Places/Cambodromo/WhatsApp Image 2026-06-10 at 22.48.04 (13).jpeg,Cambodromo,train
/content/drive/MyDrive/NLP/Places/ParqueUrbano/IMG_20260610_151101_613.jpg,ParqueUrbano,train
/content/drive/MyDrive/NLP/Places/Ventura/20260609_141448.jpg,Ventura,train
/content/drive/MyDrive/NLP/Places/Plaza24/plaza10.jpg,Plaza24,train
/content/drive/MyDrive/NLP/Places/Ventura/20260609_140739.jpg,Ventura,train
/content/drive/MyDrive/NLP/Places/DunasArena/IMG_0706.JPG,DunasArena,train
/content/drive/MyDrive/NLP/Places/Cambodromo/WhatsApp Image 2026-06-10 at 22.48.02 (12).jpeg,Cambodromo,train
/content/drive/MyDrive/NLP/Places/CatedralMunicipal/cate12.jpg,CatedralMunicipal,train
/content/drive/MyDrive/NLP/Places/Ventura/20260609_141132.jpg,Ventura,train
/content/drive/MyDrive/NLP/Places/Ventura/20260609_140512(0).jpg,Ventura,train
/content/drive/MyDrive/NLP/Places/Ventura/20260609_135258.jpg,Ventura,train
/content/drive/MyDrive/NLP/Places/Cristo/IMG_0673.JPG,Cristo,train
/content/drive/MyDrive/NLP/Places/DunasArena/Pasted image (5).png,DunasArena,train
/content/drive/MyDrive/NLP/Places/ParqueUrbano/IMG_20260610_145920_969.jpg,ParqueUrbano,train
/content/drive/MyDrive/NLP/Places/ParqueUrbano/IMG_20260610_151005_481.jpg,ParqueUrbano,train
/content/drive/MyDrive/NLP/Places/Plaza24/plaza66.jpg,Plaza24,train
/content/drive/MyDrive/NLP/Places/ParqueUrbano/IMG_20260611_192729_070.jpg,ParqueUrbano,train
/content/drive/MyDrive/NLP/Places/Tahuichi/IMG_20260610_142134_903.jpg,Tahuichi,train
/content/drive/MyDrive/NLP/Places/ParqueUrbano/IMG_20260610_145914_748.jpg,ParqueUrbano,train
/content/drive/MyDrive/NLP/Places/Plaza24/plaza43.jpg,Plaza24,train
/content/drive/MyDrive/NLP/Places/Plaza24/plaza28.jpg,Plaza24,train
/content/drive/MyDrive/NLP/Places/Cambodromo/WhatsApp Image 2026-06-10 at 22.22.36.jpeg,Cambodromo,train
/content/drive/MyDrive/NLP/Places/Tahuichi/IMG_20260610_142310_204.jpg,Tahuichi,train
/content/drive/MyDrive/NLP/Places/ParqueUrbano/IMG_20260610_145456_974.jpg,ParqueUrbano,train
/content/drive/MyDrive/NLP/Places/Tahuichi/IMG_20260610_142605_761.jpg,Tahuichi,train
/content/drive/MyDrive/NLP/Places/Cambodromo/WhatsApp Image 2026-06-10 at 22.20.42 (2).jpeg,Cambodromo,train
/content/drive/MyDrive/NLP/Places/Cambodromo/WhatsApp Image 2026-06-10 at 22.48.02 (16).jpeg,Cambodromo,train
/content/drive/MyDrive/NLP/Places/Tahuichi/IMG_20260609_183515_249.jpg,Tahuichi,train
/content/drive/MyDrive/NLP/Places/Plaza24/plaza39.jpg,Plaza24,train
/content/drive/MyDrive/NLP/Places/Ventura/20260609_140751.jpg,Ventura,train
/content/drive/MyDrive/NLP/Places/Tahuichi/IMG_20260609_185611_298.jpg,Tahuichi,train
/content/drive/MyDrive/NLP/Places/Cambodromo/WhatsApp Image 2026-06-10 at 22.48.01 (1).jpeg,Cambodromo,train
/content/drive/MyDrive/NLP/Places/ParqueUrbano/IMG_20260610_150307_221.jpg,ParqueUrbano,train
/content/drive/MyDrive/NLP/Places/Tahuichi/IMG_20260609_183535_299.jpg,Tahuichi,train
/content/drive/MyDrive/NLP/Places/Tahuichi/IMG_20260609_183653_803.jpg,Tahuichi,train
/content/drive/MyDrive/NLP/Places/Tahuichi/IMG_20260610_142840_034.jpg,Tahuichi,train
/content/drive/MyDrive/NLP/Places/ParqueUrbano/IMG_20260611_192734_500.jpg,ParqueUrbano,train
/content/drive/MyDrive/NLP/Places/Ventura/20260609_141220.jpg,Ventura,train
/content/drive/MyDrive/NLP/Places/Plaza24/plaza8.jpg,Plaza24,train
/content/drive/MyDrive/NLP/Places/Ventura/20260609_135010.jpg,Ventura,train
/content/drive/MyDrive/NLP/Places/Plaza24/plaza9.jpg,Plaza24,train
/content/drive/MyDrive/NLP/Places/Plaza24/plaza7.jpg,Plaza24,train
/content/drive/MyDrive/NLP/Places/Cambodromo/WhatsApp Image 2026-06-10 at 22.20.43 (5).jpeg,Cambodromo,train
/content/drive/MyDrive/NLP/Places/CatedralMunicipal/cate61.jpg,CatedralMunicipal,train
/content/drive/MyDrive/NLP/Places/Cristo/Pasted image (7).png,Cristo,train
/content/drive/MyDrive/NLP/Places/Ventura/20260609_140950.jpg,Ventura,train
/content/drive/MyDrive/NLP/Places/Cristo/IMG_0659.JPG,Cristo,train
/content/drive/MyDrive/NLP/Places/CatedralMunicipal/cate58.jpg,CatedralMunicipal,train
/content/drive/MyDrive/NLP/Places/ParqueUrbano/IMG_20260610_151105_692.jpg,ParqueUrbano,train
/content/drive/MyDrive/NLP/Places/Cambodromo/WhatsApp Image 2026-06-10 at 22.22.33 (2).jpeg,Cambodromo,train
/content/drive/MyDrive/NLP/Places/Cristo/IMG_0632.JPG,Cristo,train
/content/drive/MyDrive/NLP/Places/Cristo/IMG_0621.JPG,Cristo,train
/content/drive/MyDrive/NLP/Places/ParqueUrbano/IMG_20260610_145744_784.jpg,ParqueUrbano,train
/content/drive/MyDrive/NLP/Places/Plaza24/plaza51.jpg,Plaza24,train
/content/drive/MyDrive/NLP/Places/Plaza24/plaza65.jpg,Plaza24,train
/content/drive/MyDrive/NLP/Places/CatedralMunicipal/cate8.jpg,CatedralMunicipal,train
/content/drive/MyDrive/NLP/Places/ParqueUrbano/IMG_20260611_191238_631.jpg,ParqueUrbano,train
/content/drive/MyDrive/NLP/Places/Cambodromo/WhatsApp Image 2026-06-10 at 22.48.00 (1).jpeg,Cambodromo,train
/content/drive/MyDrive/NLP/Places/Ventura/20260609_135514.jpg,Ventura,train
/content/drive/MyDrive/NLP/Places/CatedralMunicipal/cate57.jpg,CatedralMunicipal,train
/content/drive/MyDrive/NLP/Places/Cambodromo/WhatsApp Image 2026-06-10 at 22.48.02 (17).jpeg,Cambodromo,train
/content/drive/MyDrive/NLP/Places/Cambodromo/WhatsApp Image 2026-06-10 at 22.48.02 (25).jpeg,Cambodromo,train
/content/drive/MyDrive/NLP/Places/Ventura/20260609_135304.jpg,Ventura,train
/content/drive/MyDrive/NLP/Places/CatedralMunicipal/cate48.jpg,CatedralMunicipal,train
/content/drive/MyDrive/NLP/Places/CatedralMunicipal/cate21.jpg,CatedralMunicipal,train
/content/drive/MyDrive/NLP/Places/Cambodromo/WhatsApp Image 2026-06-10 at 22.48.03 (11).jpeg,Cambodromo,train
/content/drive/MyDrive/NLP/Places/DunasArena/Pasted image (8).png,DunasArena,train
/content/drive/MyDrive/NLP/Places/Ventura/20260609_134509.jpg,Ventura,train
/content/drive/MyDrive/NLP/Places/ParqueUrbano/IMG_20260610_145729_876.jpg,ParqueUrbano,train
/content/drive/MyDrive/NLP/Places/Plaza24/plaza57.jpg,Plaza24,train
/content/drive/MyDrive/NLP/Places/Tahuichi/IMG_20260610_142311_653.jpg,Tahuichi,train
/content/drive/MyDrive/NLP/Places/Plaza24/plaza22.jpg,Plaza24,train
/content/drive/MyDrive/NLP/Places/CatedralMunicipal/cate10.jpg,CatedralMunicipal,train
/content/drive/MyDrive/NLP/Places/Ventura/20260609_140130(0).jpg,Ventura,train
/content/drive/MyDrive/NLP/Places/Cristo/Pasted image (12).png,Cristo,train
/content/drive/MyDrive/NLP/Places/Ventura/20260609_141625.jpg,Ventura,train
/content/drive/MyDrive/NLP/Places/Tahuichi/IMG_20260610_142556_658.jpg,Tahuichi,train
/content/drive/MyDrive/NLP/Places/Cristo/IMG_0645.JPG,Cristo,train
/content/drive/MyDrive/NLP/Places/Tahuichi/IMG_20260610_143553_149.jpg,Tahuichi,train
/content/drive/MyDrive/NLP/Places/Cristo/IMG_0629.JPG,Cristo,train
/content/drive/MyDrive/NLP/Places/Cambodromo/WhatsApp Image 2026-06-10 at 22.20.43 (15).jpeg,Cambodromo,train
/content/drive/MyDrive/NLP/Places/Cambodromo/WhatsApp Image 2026-06-10 at 22.20.42 (3).jpeg,Cambodromo,train
/content/drive/MyDrive/NLP/Places/Ventura/20260609_140545.jpg,Ventura,train
/content/drive/MyDrive/NLP/Places/CatedralMunicipal/cate59.jpg,CatedralMunicipal,train
/content/drive/MyDrive/NLP/Places/CatedralMunicipal/cate19.jpg,CatedralMunicipal,train
/content/drive/MyDrive/NLP/Places/Plaza24/plaza11.jpg,Plaza24,train
/content/drive/MyDrive/NLP/Places/Tahuichi/IMG_20260610_142842_778.jpg,Tahuichi,train
/content/drive/MyDrive/NLP/Places/Cambodromo/WhatsApp Image 2026-06-10 at 22.48.04 (6).jpeg,Cambodromo,train
/content/drive/MyDrive/NLP/Places/DunasArena/Pasted image (7).png,DunasArena,train
/content/drive/MyDrive/NLP/Places/Plaza24/plaza14.jpg,Plaza24,train
/content/drive/MyDrive/NLP/Places/Ventura/20260609_141245.jpg,Ventura,train
/content/drive/MyDrive/NLP/Places/DunasArena/IMG_0745.JPG,DunasArena,train
/content/drive/MyDrive/NLP/Places/Tahuichi/IMG_20260610_141928_521.jpg,Tahuichi,train
/content/drive/MyDrive/NLP/Places/Cambodromo/WhatsApp Image 2026-06-10 at 22.48.04 (22).jpeg,Cambodromo,train
/content/drive/MyDrive/NLP/Places/Ventura/20260609_141453.jpg,Ventura,train
/content/drive/MyDrive/NLP/Places/Cambodromo/WhatsApp Image 2026-06-10 at 22.48.04 (16).jpeg,Cambodromo,train
/content/drive/MyDrive/NLP/Places/Cambodromo/WhatsApp Image 2026-06-10 at 22.48.04 (1).jpeg,Cambodromo,train
/content/drive/MyDrive/NLP/Places/DunasArena/IMG_0742.JPG,DunasArena,train
/content/drive/MyDrive/NLP/Places/Tahuichi/IMG_20260609_185206_358.jpg,Tahuichi,train
/content/drive/MyDrive/NLP/Places/DunasArena/IMG_0703.JPG,DunasArena,train
/content/drive/MyDrive/NLP/Places/CatedralMunicipal/cate9.jpg,CatedralMunicipal,train
/content/drive/MyDrive/NLP/Places/ParqueUrbano/IMG_20260610_150853_938.jpg,ParqueUrbano,train
/content/drive/MyDrive/NLP/Places/Cristo/IMG_0626.JPG,Cristo,train
/content/drive/MyDrive/NLP/Places/Ventura/20260609_135357.jpg,Ventura,train
/content/drive/MyDrive/NLP/Places/Tahuichi/IMG_20260609_184407_395.jpg,Tahuichi,train
/content/drive/MyDrive/NLP/Places/Plaza24/plaza64.jpg,Plaza24,train
/content/drive/MyDrive/NLP/Places/Plaza24/plaza56.jpg,Plaza24,train
/content/drive/MyDrive/NLP/Places/Ventura/20260609_141659.jpg,Ventura,train
/content/drive/MyDrive/NLP/Places/Cambodromo/WhatsApp Image 2026-06-10 at 22.48.04 (4).jpeg,Cambodromo,train
/content/drive/MyDrive/NLP/Places/CatedralMunicipal/cate16.jpg,CatedralMunicipal,train
/content/drive/MyDrive/NLP/Places/Cambodromo/WhatsApp Image 2026-06-10 at 22.20.41 (5).jpeg,Cambodromo,train
/content/drive/MyDrive/NLP/Places/Cristo/IMG_0664.JPG,Cristo,train
/content/drive/MyDrive/NLP/Places/ParqueUrbano/IMG_20260611_192709_734.jpg,ParqueUrbano,train
/content/drive/MyDrive/NLP/Places/CatedralMunicipal/cate20.jpg,CatedralMunicipal,train
/content/drive/MyDrive/NLP/Places/Ventura/20260609_140921.jpg,Ventura,train
/content/drive/MyDrive/NLP/Places/ParqueUrbano/IMG_20260611_192424_153.jpg,ParqueUrbano,train
/content/drive/MyDrive/NLP/Places/Tahuichi/IMG_20260609_184700_813.jpg,Tahuichi,train
/content/drive/MyDrive/NLP/Places/DunasArena/IMG_0696.JPG,DunasArena,train
/content/drive/MyDrive/NLP/Places/Ventura/20260609_135011.jpg,Ventura,train
/content/drive/MyDrive/NLP/Places/Plaza24/plaza15.jpg,Plaza24,train
/content/drive/MyDrive/NLP/Places/Ventura/20260609_140028.jpg,Ventura,train
/content/drive/MyDrive/NLP/Places/Ventura/20260609_141217.jpg,Ventura,train
/content/drive/MyDrive/NLP/Places/DunasArena/IMG_0694.JPG,DunasArena,train
/content/drive/MyDrive/NLP/Places/Plaza24/plaza45.jpg,Plaza24,train
/content/drive/MyDrive/NLP/Places/ParqueUrbano/IMG_20260610_145632_815.jpg,ParqueUrbano,train
/content/drive/MyDrive/NLP/Places/Cristo/IMG_0689.JPG,Cristo,train
/content/drive/MyDrive/NLP/Places/Cambodromo/WhatsApp Image 2026-06-10 at 22.48.04 (2).jpeg,Cambodromo,train
/content/drive/MyDrive/NLP/Places/Cambodromo/WhatsApp Image 2026-06-10 at 22.48.03 (4).jpeg,Cambodromo,train
/content/drive/MyDrive/NLP/Places/Tahuichi/IMG_20260609_185422_951.jpg,Tahuichi,train
/content/drive/MyDrive/NLP/Places/Cambodromo/WhatsApp Image 2026-06-10 at 22.20.41.jpeg,Cambodromo,train
/content/drive/MyDrive/NLP/Places/Cambodromo/WhatsApp Image 2026-06-10 at 22.20.42 (8).jpeg,Cambodromo,train
/content/drive/MyDrive/NLP/Places/DunasArena/IMG_0741.JPG,DunasArena,train
/content/drive/MyDrive/NLP/Places/Tahuichi/IMG_20260610_142132_206.jpg,Tahuichi,train
/content/drive/MyDrive/NLP/Places/Tahuichi/IMG_20260610_143042_860.jpg,Tahuichi,train
/content/drive/MyDrive/NLP/Places/ParqueUrbano/IMG_20260610_145755_677.jpg,ParqueUrbano,train
/content/drive/MyDrive/NLP/Places/Ventura/20260609_141450.jpg,Ventura,train
/content/drive/MyDrive/NLP/Places/Cambodromo/WhatsApp Image 2026-06-10 at 22.20.43 (2).jpeg,Cambodromo,train
/content/drive/MyDrive/NLP/Places/Ventura/20260609_141704.jpg,Ventura,train
/content/drive/MyDrive/NLP/Places/DunasArena/IMG_0707.JPG,DunasArena,train
/content/drive/MyDrive/NLP/Places/Ventura/20260609_134512.jpg,Ventura,train
/content/drive/MyDrive/NLP/Places/CatedralMunicipal/cate25.jpg,CatedralMunicipal,train
/content/drive/MyDrive/NLP/Places/CatedralMunicipal/cate38.jpg,CatedralMunicipal,train
/content/drive/MyDrive/NLP/Places/Ventura/20260609_135757.jpg,Ventura,train
/content/drive/MyDrive/NLP/Places/Cambodromo/WhatsApp Image 2026-06-10 at 22.20.43.jpeg,Cambodromo,train
/content/drive/MyDrive/NLP/Places/Tahuichi/IMG_20260609_184004_909.jpg,Tahuichi,train
/content/drive/MyDrive/NLP/Places/Cambodromo/WhatsApp Image 2026-06-10 at 22.22.31.jpeg,Cambodromo,train
/content/drive/MyDrive/NLP/Places/Ventura/20260609_140302.jpg,Ventura,train
/content/drive/MyDrive/NLP/Places/DunasArena/IMG_0720.JPG,DunasArena,train
/content/drive/MyDrive/NLP/Places/Cambodromo/WhatsApp Image 2026-06-10 at 22.20.43 (1).jpeg,Cambodromo,train
/content/drive/MyDrive/NLP/Places/CatedralMunicipal/cate33.jpg,CatedralMunicipal,train
/content/drive/MyDrive/NLP/Places/Cambodromo/WhatsApp Image 2026-06-10 at 22.20.42 (5).jpeg,Cambodromo,train
/content/drive/MyDrive/NLP/Places/ParqueUrbano/IMG_20260610_151052_603.jpg,ParqueUrbano,train
/content/drive/MyDrive/NLP/Places/CatedralMunicipal/cate17.jpg,CatedralMunicipal,train
/content/drive/MyDrive/NLP/Places/Ventura/20260609_140031.jpg,Ventura,train
/content/drive/MyDrive/NLP/Places/Cambodromo/WhatsApp Image 2026-06-10 at 22.48.03 (22).jpeg,Cambodromo,train
/content/drive/MyDrive/NLP/Places/DunasArena/IMG_0711.JPG,DunasArena,train
/content/drive/MyDrive/NLP/Places/ParqueUrbano/IMG_20260610_145526_067.jpg,ParqueUrbano,train
/content/drive/MyDrive/NLP/Places/Ventura/20260609_140542.jpg,Ventura,train
/content/drive/MyDrive/NLP/Places/Cambodromo/WhatsApp Image 2026-06-10 at 22.47.59.jpeg,Cambodromo,train
/content/drive/MyDrive/NLP/Places/Cristo/IMG_0639.JPG,Cristo,train
/content/drive/MyDrive/NLP/Places/Ventura/20260609_141627(0).jpg,Ventura,train
/content/drive/MyDrive/NLP/Places/CatedralMunicipal/cate40.jpg,CatedralMunicipal,train
/content/drive/MyDrive/NLP/Places/Ventura/20260609_140136.jpg,Ventura,train
/content/drive/MyDrive/NLP/Places/Cristo/IMG_0624.JPG,Cristo,train
/content/drive/MyDrive/NLP/Places/Cambodromo/WhatsApp Image 2026-06-10 at 22.20.43 (17).jpeg,Cambodromo,train
/content/drive/MyDrive/NLP/Places/Ventura/20260609_140027.jpg,Ventura,train
/content/drive/MyDrive/NLP/Places/DunasArena/IMG_0722.JPG,DunasArena,train
/content/drive/MyDrive/NLP/Places/ParqueUrbano/IMG_20260610_151102_515.jpg,ParqueUrbano,train
/content/drive/MyDrive/NLP/Places/ParqueUrbano/IMG_20260610_145742_257.jpg,ParqueUrbano,train
/content/drive/MyDrive/NLP/Places/Ventura/20260609_140131.jpg,Ventura,train
/content/drive/MyDrive/NLP/Places/Plaza24/plaza38.jpg,Plaza24,train
/content/drive/MyDrive/NLP/Places/DunasArena/Pasted image (11).png,DunasArena,train
/content/drive/MyDrive/NLP/Places/Tahuichi/IMG_20260610_142341_737.jpg,Tahuichi,train
/content/drive/MyDrive/NLP/Places/Ventura/20260609_141640.jpg,Ventura,train
/content/drive/MyDrive/NLP/Places/Cambodromo/WhatsApp Image 2026-06-10 at 22.48.03 (12).jpeg,Cambodromo,train
/content/drive/MyDrive/NLP/Places/Cambodromo/WhatsApp Image 2026-06-10 at 22.48.04 (19).jpeg,Cambodromo,train
/content/drive/MyDrive/NLP/Places/Tahuichi/IMG_20260609_184010_715.jpg,Tahuichi,train
/content/drive/MyDrive/NLP/Places/ParqueUrbano/IMG_20260610_150302_455.jpg,ParqueUrbano,train
/content/drive/MyDrive/NLP/Places/Cristo/Pasted image (2).png,Cristo,train
/content/drive/MyDrive/NLP/Places/Ventura/20260609_135008.jpg,Ventura,train
/content/drive/MyDrive/NLP/Places/Cristo/IMG_0628.JPG,Cristo,train
/content/drive/MyDrive/NLP/Places/Tahuichi/IMG_20260610_142922_714.jpg,Tahuichi,train
/content/drive/MyDrive/NLP/Places/Tahuichi/IMG_20260610_143119_515.jpg,Tahuichi,train
/content/drive/MyDrive/NLP/Places/DunasArena/IMG_0734.JPG,DunasArena,train
/content/drive/MyDrive/NLP/Places/Ventura/20260609_140127.jpg,Ventura,train
/content/drive/MyDrive/NLP/Places/Ventura/20260609_141445.jpg,Ventura,train
/content/drive/MyDrive/NLP/Places/Cambodromo/WhatsApp Image 2026-06-10 at 22.47.55.jpeg,Cambodromo,train
/content/drive/MyDrive/NLP/Places/Ventura/20260609_134742.jpg,Ventura,train
/content/drive/MyDrive/NLP/Places/Cambodromo/WhatsApp Image 2026-06-10 at 22.20.42 (12).jpeg,Cambodromo,train
/content/drive/MyDrive/NLP/Places/Ventura/20260609_140912.jpg,Ventura,train
/content/drive/MyDrive/NLP/Places/Ventura/20260609_134800.jpg,Ventura,train
/content/drive/MyDrive/NLP/Places/ParqueUrbano/IMG_20260611_191246_098.jpg,ParqueUrbano,train
/content/drive/MyDrive/NLP/Places/DunasArena/IMG_0699.JPG,DunasArena,train
/content/drive/MyDrive/NLP/Places/Cambodromo/WhatsApp Image 2026-06-10 at 22.48.02 (21).jpeg,Cambodromo,train
/content/drive/MyDrive/NLP/Places/DunasArena/IMG_0709.JPG,DunasArena,train
/content/drive/MyDrive/NLP/Places/Cambodromo/WhatsApp Image 2026-06-10 at 22.22.29.jpeg,Cambodromo,train
/content/drive/MyDrive/NLP/Places/Plaza24/plaza44.jpg,Plaza24,train
/content/drive/MyDrive/NLP/Places/Cambodromo/WhatsApp Image 2026-06-10 at 22.48.03 (6).jpeg,Cambodromo,train
/content/drive/MyDrive/NLP/Places/Cambodromo/WhatsApp Image 2026-06-10 at 22.22.34 (2).jpeg,Cambodromo,train
/content/drive/MyDrive/NLP/Places/Plaza24/plaza59.jpg,Plaza24,train
/content/drive/MyDrive/NLP/Places/Cambodromo/WhatsApp Image 2026-06-10 at 22.20.42 (10).jpeg,Cambodromo,train
/content/drive/MyDrive/NLP/Places/DunasArena/IMG_0704.JPG,DunasArena,train
/content/drive/MyDrive/NLP/Places/DunasArena/IMG_0736.JPG,DunasArena,train
/content/drive/MyDrive/NLP/Places/CatedralMunicipal/cate54.jpg,CatedralMunicipal,train
/content/drive/MyDrive/NLP/Places/Cambodromo/WhatsApp Image 2026-06-10 at 22.48.03 (18).jpeg,Cambodromo,train
/content/drive/MyDrive/NLP/Places/DunasArena/IMG_0724.JPG,DunasArena,train
/content/drive/MyDrive/NLP/Places/Cambodromo/WhatsApp Image 2026-06-10 at 22.20.42 (9).jpeg,Cambodromo,train
/content/drive/MyDrive/NLP/Places/Cambodromo/WhatsApp Image 2026-06-10 at 22.48.03 (9).jpeg,Cambodromo,train
/content/drive/MyDrive/NLP/Places/Cambodromo/WhatsApp Image 2026-06-10 at 22.22.37 (3).jpeg,Cambodromo,train
/content/drive/MyDrive/NLP/Places/Plaza24/plaza17.jpg,Plaza24,train
/content/drive/MyDrive/NLP/Places/Ventura/20260609_140126.jpg,Ventura,train
/content/drive/MyDrive/NLP/Places/DunasArena/IMG_0691.JPG,DunasArena,train
/content/drive/MyDrive/NLP/Places/Ventura/20260609_140751(0).jpg,Ventura,train
/content/drive/MyDrive/NLP/Places/Tahuichi/IMG_20260610_142308_199.jpg,Tahuichi,train
/content/drive/MyDrive/NLP/Places/Ventura/20260609_140252.jpg,Ventura,train
/content/drive/MyDrive/NLP/Places/Ventura/20260609_141156.jpg,Ventura,train
/content/drive/MyDrive/NLP/Places/Cambodromo/WhatsApp Image 2026-06-10 at 22.20.43 (11).jpeg,Cambodromo,train
/content/drive/MyDrive/NLP/Places/Tahuichi/IMG_20260610_141846_743.jpg,Tahuichi,train
/content/drive/MyDrive/NLP/Places/Cambodromo/WhatsApp Image 2026-06-10 at 22.48.03 (26).jpeg,Cambodromo,train
/content/drive/MyDrive/NLP/Places/Cambodromo/WhatsApp Image 2026-06-10 at 22.22.35 (2).jpeg,Cambodromo,train
/content/drive/MyDrive/NLP/Places/Cambodromo/WhatsApp Image 2026-06-10 at 22.22.37 (2).jpeg,Cambodromo,train
/content/drive/MyDrive/NLP/Places/Ventura/20260609_134758.jpg,Ventura,train
/content/drive/MyDrive/NLP/Places/Cristo/Pasted image (10).png,Cristo,train
/content/drive/MyDrive/NLP/Places/ParqueUrbano/IMG_20260610_145711_440.jpg,ParqueUrbano,train
/content/drive/MyDrive/NLP/Places/Plaza24/plaza61.jpg,Plaza24,train
/content/drive/MyDrive/NLP/Places/Ventura/20260609_140257.jpg,Ventura,train
/content/drive/MyDrive/NLP/Places/Tahuichi/IMG_20260610_142307_316.jpg,Tahuichi,train
/content/drive/MyDrive/NLP/Places/Cambodromo/WhatsApp Image 2026-06-10 at 22.48.02 (19).jpeg,Cambodromo,train
/content/drive/MyDrive/NLP/Places/Cristo/IMG_0676.JPG,Cristo,train
/content/drive/MyDrive/NLP/Places/CatedralMunicipal/cate41.jpg,CatedralMunicipal,train
/content/drive/MyDrive/NLP/Places/Cambodromo/WhatsApp Image 2026-06-10 at 22.48.00 (4).jpeg,Cambodromo,train
/content/drive/MyDrive/NLP/Places/Cambodromo/WhatsApp Image 2026-06-10 at 22.22.37.jpeg,Cambodromo,val
/content/drive/MyDrive/NLP/Places/Ventura/20260609_141451.jpg,Ventura,val
/content/drive/MyDrive/NLP/Places/Ventura/20260609_140249.jpg,Ventura,val
/content/drive/MyDrive/NLP/Places/DunasArena/IMG_0714.JPG,DunasArena,val
/content/drive/MyDrive/NLP/Places/Ventura/20260609_135825.jpg,Ventura,val
/content/drive/MyDrive/NLP/Places/Ventura/20260609_134733.jpg,Ventura,val
/content/drive/MyDrive/NLP/Places/Tahuichi/IMG_20260609_184624_807.jpg,Tahuichi,val
/content/drive/MyDrive/NLP/Places/Cambodromo/WhatsApp Image 2026-06-10 at 22.48.02.jpeg,Cambodromo,val
/content/drive/MyDrive/NLP/Places/Ventura/20260609_140954.jpg,Ventura,val
/content/drive/MyDrive/NLP/Places/Cambodromo/WhatsApp Image 2026-06-10 at 22.20.42 (7).jpeg,Cambodromo,val
/content/drive/MyDrive/NLP/Places/Tahuichi/IMG_20260609_185340_255.jpg,Tahuichi,val
/content/drive/MyDrive/NLP/Places/Ventura/20260609_140038.jpg,Ventura,val
/content/drive/MyDrive/NLP/Places/Plaza24/plaza21.jpg,Plaza24,val
/content/drive/MyDrive/NLP/Places/ParqueUrbano/IMG_20260610_151049_605.jpg,ParqueUrbano,val
/content/drive/MyDrive/NLP/Places/Tahuichi/IMG_20260610_142740_297.jpg,Tahuichi,val
/content/drive/MyDrive/NLP/Places/Ventura/20260609_141722.jpg,Ventura,val
/content/drive/MyDrive/NLP/Places/Plaza24/plaza29.jpg,Plaza24,val
/content/drive/MyDrive/NLP/Places/Ventura/20260609_140030.jpg,Ventura,val
/content/drive/MyDrive/NLP/Places/Tahuichi/IMG_20260610_143126_589.jpg,Tahuichi,val
/content/drive/MyDrive/NLP/Places/Ventura/20260609_141701.jpg,Ventura,val
/content/drive/MyDrive/NLP/Places/Cambodromo/WhatsApp Image 2026-06-10 at 22.20.43 (6).jpeg,Cambodromo,val
/content/drive/MyDrive/NLP/Places/Cristo/IMG_0675.JPG,Cristo,val
/content/drive/MyDrive/NLP/Places/ParqueUrbano/IMG_20260610_145743_363.jpg,ParqueUrbano,val
/content/drive/MyDrive/NLP/Places/DunasArena/IMG_0743.JPG,DunasArena,val
/content/drive/MyDrive/NLP/Places/CatedralMunicipal/cate28.jpg,CatedralMunicipal,val
/content/drive/MyDrive/NLP/Places/Ventura/20260609_140737.jpg,Ventura,val
/content/drive/MyDrive/NLP/Places/DunasArena/IMG_0733.JPG,DunasArena,val
/content/drive/MyDrive/NLP/Places/ParqueUrbano/IMG_20260610_150117_581.jpg,ParqueUrbano,val
/content/drive/MyDrive/NLP/Places/Ventura/20260609_140512.jpg,Ventura,val
/content/drive/MyDrive/NLP/Places/Ventura/20260609_141223.jpg,Ventura,val
/content/drive/MyDrive/NLP/Places/CatedralMunicipal/cate29.jpg,CatedralMunicipal,val
/content/drive/MyDrive/NLP/Places/Plaza24/plaza63.jpg,Plaza24,val
/content/drive/MyDrive/NLP/Places/Cambodromo/WhatsApp Image 2026-06-10 at 22.48.03 (21).jpeg,Cambodromo,val
/content/drive/MyDrive/NLP/Places/ParqueUrbano/IMG_20260610_145710_921.jpg,ParqueUrbano,val
/content/drive/MyDrive/NLP/Places/CatedralMunicipal/cate36.jpg,CatedralMunicipal,val
/content/drive/MyDrive/NLP/Places/DunasArena/IMG_0702.JPG,DunasArena,val
/content/drive/MyDrive/NLP/Places/DunasArena/IMG_0723.JPG,DunasArena,val
/content/drive/MyDrive/NLP/Places/ParqueUrbano/IMG_20260610_145740_395.jpg,ParqueUrbano,val
/content/drive/MyDrive/NLP/Places/Cristo/Pasted image (17).png,Cristo,val
/content/drive/MyDrive/NLP/Places/ParqueUrbano/IMG_20260610_151048_284.jpg,ParqueUrbano,val
/content/drive/MyDrive/NLP/Places/CatedralMunicipal/cate51.jpg,CatedralMunicipal,val
/content/drive/MyDrive/NLP/Places/ParqueUrbano/IMG_20260610_145855_336.jpg,ParqueUrbano,val
/content/drive/MyDrive/NLP/Places/Cristo/IMG_0635.JPG,Cristo,val
/content/drive/MyDrive/NLP/Places/Ventura/20260609_141627.jpg,Ventura,val
/content/drive/MyDrive/NLP/Places/CatedralMunicipal/cate15.jpg,CatedralMunicipal,val
/content/drive/MyDrive/NLP/Places/DunasArena/IMG_0719.JPG,DunasArena,val
/content/drive/MyDrive/NLP/Places/Ventura/20260609_141623.jpg,Ventura,val
/content/drive/MyDrive/NLP/Places/Cambodromo/WhatsApp Image 2026-06-10 at 22.20.43 (3).jpeg,Cambodromo,val
/content/drive/MyDrive/NLP/Places/Tahuichi/IMG_20260609_184452_744.jpg,Tahuichi,val
/content/drive/MyDrive/NLP/Places/Ventura/20260609_141644.jpg,Ventura,val
/content/drive/MyDrive/NLP/Places/Tahuichi/IMG_20260610_142552_671.jpg,Tahuichi,val
/content/drive/MyDrive/NLP/Places/Cambodromo/WhatsApp Image 2026-06-10 at 22.47.59 (1).jpeg,Cambodromo,val
/content/drive/MyDrive/NLP/Places/Tahuichi/IMG_20260609_184651_683.jpg,Tahuichi,val
/content/drive/MyDrive/NLP/Places/Ventura/20260609_140749.jpg,Ventura,val
/content/drive/MyDrive/NLP/Places/Cambodromo/WhatsApp Image 2026-06-10 at 22.48.02 (1).jpeg,Cambodromo,val
/content/drive/MyDrive/NLP/Places/Tahuichi/IMG_20260609_183922_373.jpg,Tahuichi,val
/content/drive/MyDrive/NLP/Places/Tahuichi/IMG_20260609_185005_352.jpg,Tahuichi,val
/content/drive/MyDrive/NLP/Places/Cambodromo/WhatsApp Image 2026-06-10 at 22.48.03 (20).jpeg,Cambodromo,val
/content/drive/MyDrive/NLP/Places/Cambodromo/WhatsApp Image 2026-06-10 at 22.48.04 (12).jpeg,Cambodromo,val
/content/drive/MyDrive/NLP/Places/ParqueUrbano/IMG_20260610_150948_014.jpg,ParqueUrbano,val
/content/drive/MyDrive/NLP/Places/Cambodromo/WhatsApp Image 2026-06-10 at 22.48.04 (21).jpeg,Cambodromo,val
/content/drive/MyDrive/NLP/Places/Plaza24/plaza16.jpg,Plaza24,val
/content/drive/MyDrive/NLP/Places/Plaza24/plaza50.jpg,Plaza24,val
/content/drive/MyDrive/NLP/Places/Cristo/IMG_0637.JPG,Cristo,val
/content/drive/MyDrive/NLP/Places/ParqueUrbano/IMG_20260610_151131_439.jpg,ParqueUrbano,val
/content/drive/MyDrive/NLP/Places/Cristo/Pasted image (3).png,Cristo,val
/content/drive/MyDrive/NLP/Places/Plaza24/plaza5.jpg,Plaza24,val
/content/drive/MyDrive/NLP/Places/ParqueUrbano/IMG_20260610_145740_216.jpg,ParqueUrbano,val
/content/drive/MyDrive/NLP/Places/Cambodromo/WhatsApp Image 2026-06-10 at 22.48.02 (11).jpeg,Cambodromo,val
/content/drive/MyDrive/NLP/Places/CatedralMunicipal/cate47.jpg,CatedralMunicipal,val
/content/drive/MyDrive/NLP/Places/Cristo/IMG_0669.JPG,Cristo,val
/content/drive/MyDrive/NLP/Places/Cristo/IMG_0620.JPG,Cristo,val
/content/drive/MyDrive/NLP/Places/Plaza24/plaza12.jpg,Plaza24,val
/content/drive/MyDrive/NLP/Places/Plaza24/plaza30.jpg,Plaza24,val
/content/drive/MyDrive/NLP/Places/Ventura/20260609_134757.jpg,Ventura,val
/content/drive/MyDrive/NLP/Places/DunasArena/Pasted image (6).png,DunasArena,val
/content/drive/MyDrive/NLP/Places/CatedralMunicipal/cate44.jpg,CatedralMunicipal,val
/content/drive/MyDrive/NLP/Places/Ventura/20260609_141718.jpg,Ventura,val
/content/drive/MyDrive/NLP/Places/Cambodromo/WhatsApp Image 2026-06-10 at 22.20.42 (4).jpeg,Cambodromo,val
/content/drive/MyDrive/NLP/Places/Tahuichi/IMG_20260610_142837_293.jpg,Tahuichi,val
/content/drive/MyDrive/NLP/Places/Tahuichi/IMG_20260610_142742_960.jpg,Tahuichi,val
/content/drive/MyDrive/NLP/Places/Ventura/20260609_141247.jpg,Ventura,val
/content/drive/MyDrive/NLP/Places/Cambodromo/WhatsApp Image 2026-06-10 at 22.20.41 (2).jpeg,Cambodromo,val
/content/drive/MyDrive/NLP/Places/CatedralMunicipal/cate7.jpg,CatedralMunicipal,val
/content/drive/MyDrive/NLP/Places/Cristo/Pasted image.png,Cristo,val
/content/drive/MyDrive/NLP/Places/Plaza24/plaza40.jpg,Plaza24,val
/content/drive/MyDrive/NLP/Places/Cambodromo/WhatsApp Image 2026-06-10 at 22.20.43 (18).jpeg,Cambodromo,val
/content/drive/MyDrive/NLP/Places/DunasArena/IMG_0730.JPG,DunasArena,val
/content/drive/MyDrive/NLP/Places/Ventura/20260609_135524.jpg,Ventura,val
/content/drive/MyDrive/NLP/Places/Cambodromo/WhatsApp Image 2026-06-10 at 22.48.03 (13).jpeg,Cambodromo,val
/content/drive/MyDrive/NLP/Places/ParqueUrbano/IMG_20260610_150108_520.jpg,ParqueUrbano,val
/content/drive/MyDrive/NLP/Places/Ventura/20260609_140035.jpg,Ventura,val
/content/drive/MyDrive/NLP/Places/Cambodromo/WhatsApp Image 2026-06-10 at 22.22.37 (1).jpeg,Cambodromo,val
/content/drive/MyDrive/NLP/Places/Cambodromo/WhatsApp Image 2026-06-10 at 22.48.03 (16).jpeg,Cambodromo,val
/content/drive/MyDrive/NLP/Places/Cristo/Pasted image (13).png,Cristo,val
/content/drive/MyDrive/NLP/Places/Ventura/20260609_140044.jpg,Ventura,val
/content/drive/MyDrive/NLP/Places/CatedralMunicipal/cate2.jpg,CatedralMunicipal,val
/content/drive/MyDrive/NLP/Places/Cambodromo/WhatsApp Image 2026-06-10 at 22.48.03 (25).jpeg,Cambodromo,val
/content/drive/MyDrive/NLP/Places/DunasArena/IMG_0695.JPG,DunasArena,val
/content/drive/MyDrive/NLP/Places/Tahuichi/IMG_20260610_142943_583.jpg,Tahuichi,val
/content/drive/MyDrive/NLP/Places/ParqueUrbano/IMG_20260610_150320_442.jpg,ParqueUrbano,val
/content/drive/MyDrive/NLP/Places/Tahuichi/IMG_20260609_183949_073.jpg,Tahuichi,val
/content/drive/MyDrive/NLP/Places/Cambodromo/WhatsApp Image 2026-06-10 at 22.48.04.jpeg,Cambodromo,val
/content/drive/MyDrive/NLP/Places/Cambodromo/WhatsApp Image 2026-06-10 at 22.48.02 (22).jpeg,Cambodromo,val
/content/drive/MyDrive/NLP/Places/Ventura/20260609_134739.jpg,Ventura,val
/content/drive/MyDrive/NLP/Places/Tahuichi/IMG_20260610_142630_292.jpg,Tahuichi,val
/content/drive/MyDrive/NLP/Places/Cristo/IMG_0679.JPG,Cristo,val
/content/drive/MyDrive/NLP/Places/Cristo/Pasted image (5).png,Cristo,val
/content/drive/MyDrive/NLP/Places/Cristo/IMG_0622.JPG,Cristo,val
/content/drive/MyDrive/NLP/Places/Ventura/20260609_134506.jpg,Ventura,val
/content/drive/MyDrive/NLP/Places/DunasArena/IMG_0737.JPG,DunasArena,val
/content/drive/MyDrive/NLP/Places/Plaza24/plaza53.jpg,Plaza24,val
/content/drive/MyDrive/NLP/Places/Ventura/20260609_141509.jpg,Ventura,val
/content/drive/MyDrive/NLP/Places/Cambodromo/WhatsApp Image 2026-06-10 at 22.48.04 (18).jpeg,Cambodromo,val
/content/drive/MyDrive/NLP/Places/Ventura/20260609_140135(0).jpg,Ventura,val
/content/drive/MyDrive/NLP/Places/Plaza24/plaza34.jpg,Plaza24,val
/content/drive/MyDrive/NLP/Places/Tahuichi/IMG_20260609_184157_256.jpg,Tahuichi,val
/content/drive/MyDrive/NLP/Places/Cambodromo/WhatsApp Image 2026-06-10 at 22.20.43 (14).jpeg,Cambodromo,val
/content/drive/MyDrive/NLP/Places/CatedralMunicipal/cate52.jpg,CatedralMunicipal,test
/content/drive/MyDrive/NLP/Places/Ventura/20260609_134511.jpg,Ventura,test
/content/drive/MyDrive/NLP/Places/Cambodromo/WhatsApp Image 2026-06-10 at 22.47.55 (1).jpeg,Cambodromo,test
/content/drive/MyDrive/NLP/Places/Tahuichi/IMG_20260610_142459_745.jpg,Tahuichi,test
/content/drive/MyDrive/NLP/Places/Plaza24/plaza58.jpg,Plaza24,test
/content/drive/MyDrive/NLP/Places/Cristo/IMG_0651.JPG,Cristo,test
/content/drive/MyDrive/NLP/Places/Ventura/20260609_141200.jpg,Ventura,test
/content/drive/MyDrive/NLP/Places/ParqueUrbano/IMG_20260610_150842_899.jpg,ParqueUrbano,test
/content/drive/MyDrive/NLP/Places/Ventura/20260609_140916.jpg,Ventura,test
/content/drive/MyDrive/NLP/Places/Ventura/20260609_134804.jpg,Ventura,test
/content/drive/MyDrive/NLP/Places/Cambodromo/WhatsApp Image 2026-06-10 at 22.48.03 (19).jpeg,Cambodromo,test
/content/drive/MyDrive/NLP/Places/Plaza24/plaza48.jpg,Plaza24,test
/content/drive/MyDrive/NLP/Places/Cambodromo/WhatsApp Image 2026-06-10 at 22.48.02 (8).jpeg,Cambodromo,test
/content/drive/MyDrive/NLP/Places/Cambodromo/WhatsApp Image 2026-06-10 at 22.48.04 (10).jpeg,Cambodromo,test
/content/drive/MyDrive/NLP/Places/Plaza24/plaza37.jpg,Plaza24,test
/content/drive/MyDrive/NLP/Places/Ventura/20260609_140952.jpg,Ventura,test
/content/drive/MyDrive/NLP/Places/DunasArena/IMG_0735.JPG,DunasArena,test
/content/drive/MyDrive/NLP/Places/Ventura/20260609_140908.jpg,Ventura,test
/content/drive/MyDrive/NLP/Places/Ventura/20260609_141207.jpg,Ventura,test
/content/drive/MyDrive/NLP/Places/Cristo/IMG_0631.JPG,Cristo,test
/content/drive/MyDrive/NLP/Places/Ventura/20260609_134741.jpg,Ventura,test
/content/drive/MyDrive/NLP/Places/DunasArena/Pasted image (9).png,DunasArena,test
/content/drive/MyDrive/NLP/Places/ParqueUrbano/IMG_20260610_145746_393.jpg,ParqueUrbano,test
/content/drive/MyDrive/NLP/Places/Tahuichi/IMG_20260609_185528_035.jpg,Tahuichi,test
/content/drive/MyDrive/NLP/Places/Plaza24/plaza67.jpg,Plaza24,test
/content/drive/MyDrive/NLP/Places/Ventura/20260609_141454.jpg,Ventura,test
/content/drive/MyDrive/NLP/Places/Tahuichi/IMG_20260609_185602_610.jpg,Tahuichi,test
/content/drive/MyDrive/NLP/Places/CatedralMunicipal/cate22.jpg,CatedralMunicipal,test
/content/drive/MyDrive/NLP/Places/Plaza24/plaza26.jpg,Plaza24,test
/content/drive/MyDrive/NLP/Places/Tahuichi/IMG_20260610_142845_836.jpg,Tahuichi,test
/content/drive/MyDrive/NLP/Places/Cambodromo/WhatsApp Image 2026-06-10 at 22.48.04 (3).jpeg,Cambodromo,test
/content/drive/MyDrive/NLP/Places/Cambodromo/WhatsApp Image 2026-06-10 at 22.48.02 (18).jpeg,Cambodromo,test
/content/drive/MyDrive/NLP/Places/Cambodromo/WhatsApp Image 2026-06-10 at 22.20.43 (12).jpeg,Cambodromo,test
/content/drive/MyDrive/NLP/Places/Ventura/20260609_141508.jpg,Ventura,test
/content/drive/MyDrive/NLP/Places/Ventura/20260609_135351.jpg,Ventura,test
/content/drive/MyDrive/NLP/Places/ParqueUrbano/IMG_20260610_145744_999.jpg,ParqueUrbano,test
/content/drive/MyDrive/NLP/Places/Ventura/20260609_141629.jpg,Ventura,test
/content/drive/MyDrive/NLP/Places/CatedralMunicipal/cate13.jpg,CatedralMunicipal,test
/content/drive/MyDrive/NLP/Places/Cristo/IMG_0644.JPG,Cristo,test
/content/drive/MyDrive/NLP/Places/Ventura/20260609_135343.jpg,Ventura,test
/content/drive/MyDrive/NLP/Places/Cambodromo/WhatsApp Image 2026-06-10 at 22.20.41 (4).jpeg,Cambodromo,test
/content/drive/MyDrive/NLP/Places/ParqueUrbano/IMG_20260610_145525_753.jpg,ParqueUrbano,test
/content/drive/MyDrive/NLP/Places/Tahuichi/IMG_20260609_183902_012.jpg,Tahuichi,test
/content/drive/MyDrive/NLP/Places/Tahuichi/IMG_20260610_142933_528.jpg,Tahuichi,test
/content/drive/MyDrive/NLP/Places/Tahuichi/IMG_20260609_183908_688.jpg,Tahuichi,test
/content/drive/MyDrive/NLP/Places/Cristo/IMG_0625.JPG,Cristo,test
/content/drive/MyDrive/NLP/Places/Cristo/IMG_0654.JPG,Cristo,test
/content/drive/MyDrive/NLP/Places/Ventura/20260609_141724.jpg,Ventura,test
/content/drive/MyDrive/NLP/Places/CatedralMunicipal/cate42.jpg,CatedralMunicipal,test
/content/drive/MyDrive/NLP/Places/Plaza24/plaza70.jpg,Plaza24,test
/content/drive/MyDrive/NLP/Places/Tahuichi/IMG_20260610_142517_900.jpg,Tahuichi,test
/content/drive/MyDrive/NLP/Places/Cambodromo/WhatsApp Image 2026-06-10 at 22.20.42 (14).jpeg,Cambodromo,test
/content/drive/MyDrive/NLP/Places/Cambodromo/WhatsApp Image 2026-06-10 at 22.48.02 (2).jpeg,Cambodromo,test
/content/drive/MyDrive/NLP/Places/Ventura/20260609_140508.jpg,Ventura,test
/content/drive/MyDrive/NLP/Places/Cambodromo/WhatsApp Image 2026-06-10 at 22.20.42.jpeg,Cambodromo,test
/content/drive/MyDrive/NLP/Places/Tahuichi/IMG_20260610_142631_738.jpg,Tahuichi,test
/content/drive/MyDrive/NLP/Places/Cristo/IMG_0653.JPG,Cristo,test
/content/drive/MyDrive/NLP/Places/DunasArena/IMG_0708.JPG,DunasArena,test
/content/drive/MyDrive/NLP/Places/Tahuichi/IMG_20260609_185809_907.jpg,Tahuichi,test
/content/drive/MyDrive/NLP/Places/Ventura/20260609_135759.jpg,Ventura,test
/content/drive/MyDrive/NLP/Places/Cristo/IMG_0627.JPG,Cristo,test
/content/drive/MyDrive/NLP/Places/Tahuichi/IMG_20260610_143023_884.jpg,Tahuichi,test
/content/drive/MyDrive/NLP/Places/Ventura/20260609_141157.jpg,Ventura,test
/content/drive/MyDrive/NLP/Places/DunasArena/IMG_0700.JPG,DunasArena,test
/content/drive/MyDrive/NLP/Places/Tahuichi/IMG_20260609_185138_975.jpg,Tahuichi,test
/content/drive/MyDrive/NLP/Places/Ventura/20260609_134803.jpg,Ventura,test
/content/drive/MyDrive/NLP/Places/DunasArena/Pasted image (13).png,DunasArena,test
/content/drive/MyDrive/NLP/Places/DunasArena/IMG_0725.JPG,DunasArena,test
/content/drive/MyDrive/NLP/Places/Plaza24/plaza69.jpg,Plaza24,test
/content/drive/MyDrive/NLP/Places/Plaza24/plaza47.jpg,Plaza24,test
/content/drive/MyDrive/NLP/Places/Cambodromo/WhatsApp Image 2026-06-10 at 22.20.42 (11).jpeg,Cambodromo,test
/content/drive/MyDrive/NLP/Places/ParqueUrbano/IMG_20260610_145742_789.jpg,ParqueUrbano,test
/content/drive/MyDrive/NLP/Places/Plaza24/plaza49.jpg,Plaza24,test
/content/drive/MyDrive/NLP/Places/Ventura/20260609_141641.jpg,Ventura,test
/content/drive/MyDrive/NLP/Places/Ventura/20260609_140510.jpg,Ventura,test
/content/drive/MyDrive/NLP/Places/DunasArena/IMG_0732.JPG,DunasArena,test
/content/drive/MyDrive/NLP/Places/ParqueUrbano/IMG_20260610_150952_680.jpg,ParqueUrbano,test
/content/drive/MyDrive/NLP/Places/Ventura/20260609_141447.jpg,Ventura,test
/content/drive/MyDrive/NLP/Places/Ventura/20260609_141144.jpg,Ventura,test
/content/drive/MyDrive/NLP/Places/Cambodromo/WhatsApp Image 2026-06-10 at 22.48.03 (3).jpeg,Cambodromo,test
/content/drive/MyDrive/NLP/Places/Plaza24/plaza52.jpg,Plaza24,test
/content/drive/MyDrive/NLP/Places/Cambodromo/WhatsApp Image 2026-06-10 at 22.48.03 (5).jpeg,Cambodromo,test
/content/drive/MyDrive/NLP/Places/Cambodromo/WhatsApp Image 2026-06-10 at 22.20.37.jpeg,Cambodromo,test
/content/drive/MyDrive/NLP/Places/Cambodromo/WhatsApp Image 2026-06-10 at 22.20.43 (7).jpeg,Cambodromo,test
/content/drive/MyDrive/NLP/Places/ParqueUrbano/IMG_20260610_151046_939.jpg,ParqueUrbano,test
/content/drive/MyDrive/NLP/Places/Cambodromo/WhatsApp Image 2026-06-10 at 22.48.02 (5).jpeg,Cambodromo,test
/content/drive/MyDrive/NLP/Places/Cristo/IMG_0667.JPG,Cristo,test
/content/drive/MyDrive/NLP/Places/Cristo/IMG_0633.JPG,Cristo,test
/content/drive/MyDrive/NLP/Places/ParqueUrbano/IMG_20260610_151227_576.jpg,ParqueUrbano,test
/content/drive/MyDrive/NLP/Places/Cambodromo/WhatsApp Image 2026-06-10 at 22.20.43 (13).jpeg,Cambodromo,test
/content/drive/MyDrive/NLP/Places/ParqueUrbano/IMG_20260610_150138_630.jpg,ParqueUrbano,test
/content/drive/MyDrive/NLP/Places/Cambodromo/WhatsApp Image 2026-06-10 at 22.20.42 (15).jpeg,Cambodromo,test
/content/drive/MyDrive/NLP/Places/Ventura/20260609_141715.jpg,Ventura,test
/content/drive/MyDrive/NLP/Places/CatedralMunicipal/cate45.jpg,CatedralMunicipal,test
/content/drive/MyDrive/NLP/Places/DunasArena/IMG_0701.JPG,DunasArena,test
/content/drive/MyDrive/NLP/Places/CatedralMunicipal/cate32.jpg,CatedralMunicipal,test
/content/drive/MyDrive/NLP/Places/Cristo/Pasted image (4).png,Cristo,test
/content/drive/MyDrive/NLP/Places/Tahuichi/IMG_20260610_142130_014.jpg,Tahuichi,test
/content/drive/MyDrive/NLP/Places/Cristo/IMG_0640.JPG,Cristo,test
/content/drive/MyDrive/NLP/Places/DunasArena/Pasted image (12).png,DunasArena,test
/content/drive/MyDrive/NLP/Places/Cristo/IMG_0688.JPG,Cristo,test
/content/drive/MyDrive/NLP/Places/Cambodromo/WhatsApp Image 2026-06-10 at 22.22.36 (1).jpeg,Cambodromo,test
/content/drive/MyDrive/NLP/Places/Cristo/IMG_0678.JPG,Cristo,test
/content/drive/MyDrive/NLP/Places/Cambodromo/WhatsApp Image 2026-06-10 at 22.48.04 (5).jpeg,Cambodromo,test
/content/drive/MyDrive/NLP/Places/Tahuichi/IMG_20260609_185025_751.jpg,Tahuichi,test
/content/drive/MyDrive/NLP/Places/Cambodromo/WhatsApp Image 2026-06-10 at 22.48.04 (11).jpeg,Cambodromo,test
/content/drive/MyDrive/NLP/Places/Ventura/20260609_141201(0).jpg,Ventura,test
/content/drive/MyDrive/NLP/Places/CatedralMunicipal/cate6.jpg,CatedralMunicipal,test
/content/drive/MyDrive/NLP/Places/ParqueUrbano/IMG_20260610_145724_946.jpg,ParqueUrbano,test
/content/drive/MyDrive/NLP/Places/Cambodromo/WhatsApp Image 2026-06-10 at 22.48.03 (7).jpeg,Cambodromo,test
/content/drive/MyDrive/NLP/Places/Tahuichi/IMG_20260610_141850_257.jpg,Tahuichi,test
/content/drive/MyDrive/NLP/Places/DunasArena/IMG_0718.JPG,DunasArena,test
/content/drive/MyDrive/NLP/Places/CatedralMunicipal/cate49.jpg,CatedralMunicipal,test
/content/drive/MyDrive/NLP/Places/Ventura/20260609_140053.jpg,Ventura,test
/content/drive/MyDrive/NLP/Places/CatedralMunicipal/cate43.jpg,CatedralMunicipal,test
/content/drive/MyDrive/NLP/Places/DunasArena/Pasted image.png,DunasArena,test
/content/drive/MyDrive/NLP/Places/Ventura/20260609_135817.jpg,Ventura,test
/content/drive/MyDrive/NLP/Places/ParqueUrbano/IMG_20260610_150839_795.jpg,ParqueUrbano,test
/content/drive/MyDrive/NLP/Places/ParqueUrbano/IMG_20260610_145501_049.jpg,ParqueUrbano,test
